{
    "RMSE": 0.5406974329162606,
    "MAE": 0.3696721919850389,
    "R2_Score": 0.7768988775132697,
    "MAPE": 21.357524281023892,
    "Max_Error": 3.827805084047098,
    "Mean_Prediction": 2.0493899235341684,
    "Std_Prediction": 0.9866781470305037
}